id,country_ko,country_en,region,temple_name,temple_location,latitude,longitude,bell_sound_video,bell_time_local,timezone,bell_time_korea,buddhist_philosophy,heritage_site,heritage_image_link,source_links,verification_grade,notes
3,우즈베키스탄,Uzbekistan,Central Asia,파야즈테파(Fayaztepa) 불교 사원 유적,"우즈베키스탄 서남부, 쉬르다리야 강 인근 테르메즈(Termez) 지역",37.237,67.281,,07:00 / 19:00,Asia/Tashkent (UTC+5),11:00 / 23:00,"테르메즈 일대는 고대 간다라·대승불교와 실크로드 교류의 접점으로, 명상과 탑 중심의 초기 불교 전통이 남아 있습니다. 현지 불교 유산은 주로 수행 공동체와 아쇼카 계열의 전파, 그리고 중앙아시아 불교의 역사적 흔적을 보여줍니다.",파야즈테파(Fayaztepa),[Wikimedia Commons - Fayaztepa](https://commons.wikimedia.org/wiki/Category:Fayaztepa),"[UNESCO - World Heritage](https://www.unesco.org/en/world-heritage), [Uzbekistan Gov portal](https://gov.uz/en/religions/sections/view/70711), [Wikimedia Commons - Fayaztepa](https://commons.wikimedia.org/wiki/Category:Fayaztepa)",C: 부분 확보,"우즈베키스탄에는 오늘날 공공 운영 불교 사찰보다 테르메즈 지역의 불교 고고유적이 핵심입니다. 공식·검증 가능한 공개 자료에서 일일 타종 의식이나 정확한 벨 시간은 찾지 못했으므로 N/A로 두었습니다. 좌표는 Mapbox에 쓰기 좋은 테르메즈/파야즈테파 추정값이며, 현장별 세부 점 위치는 추가 검증이 필요합니다."
4,카자흐스탄,Kazakhstan,Central Asia,Kyzyl-Kent Buddhist monastery ruins (고대 사찰 유적),카자흐스탄 카라간다주 Karkaraly 지역 일대의 Kyzyl-Kent 유적지,47.463,74.023,,07:00 / 19:00,Asia/Almaty (UTC+5),11:00 / 23:00,"카자흐스탄의 역사적 불교는 주로 티베트 불교 계열(Vajrayana, 특히 겔룩파)과 연관된다. 현재는 다종교 국가이지만, 고대 동부 카자흐스탄과 실크로드 교역권에서 오이라트·칼믹 등 몽골계 집단이 불교 유적과 사원을 남겼다.",Kyzyl-Kent Buddhist monastery ruins,"[E-history.kz 이미지](https://e-history.kz/storage/tmp/resize/e-resource/1200_0_b8e3c6060ea1cdf35b4e1ac9f77d3d5f.jpg), [Novastan 이미지](https://novastan.org/en/wp-content/uploads/sites/8/2025/05/Balzhan-and-Axel-Monse_Zharkent-Pagode-or-Mosque-scaled.jpg)","[Wikipedia: Kalmyks](https://en.wikipedia.org/wiki/Kalmyks), [E-history.kz](https://e-history.kz/en/news/show/8465), [The Astana Times image](https://astanatimes.com/wp-content/uploads/2015/02/Buddhist-carving-entrance-to-Kora-Valley.jpg)",C: 부분 확보,"공식 사찰 페이지나 벨 타종 일정은 찾지 못했다. 검증 가능한 자료는 카자흐스탄 동부에 불교 수도원 유적(Kyzyl-Kent, Almalik, Ablaiket, Talgar, Sumbe 등)이 존재했다는 역사 서술과 관련 이미지가 중심이다. 대표 좌표는 공개적으로 널리 쓰이는 일반 위치값을 넣었으며, 세부 GPS는 추가 검증이 필요하다."
5,키르기스스탄,Kyrgyzstan,Central Asia,크라스나야 레치카 고대 불교사원 유적(Krasnaya Rechka Buddhist ruins),"Chüy Region, Kyrgyzstan",42.874,74.986,,07:00 / 19:00,Asia/Bishkek,10:00 / 22:00,실크로드 불교 유산. 현존 수행 사찰보다는 중앙아시아 교역로를 통한 대승불교·불교미술 전파의 고고학적 흔적이 핵심이다.,Krasnaya Rechka ancient Buddhist temple ruins,[Wikimedia Commons media search](https://commons.wikimedia.org/wiki/Special:MediaSearch?type=image&search=Krasnaya%20Rechka%20Kyrgyzstan),"[RFE/RL: Buddhist temple ruins in Kyrgyzstan](https://www.rferl.org/a/buddhism-temple-kyrgyzstan/32022515.html), [Arkeonews](https://arkeonews.net/the-ruins-of-a-thousand-year-old-buddhist-temple-will-be-opened-to-the-public-in-kyrgyzstan/)",D: 추가검증 필요,현대 사찰·타종 자료가 아니라 고고학 유적 중심 국가로 분류했다. 따라서 타종소리와 시각은 N/A가 적절하다.
6,헝가리,Hungary,Central Europe,[Béke sztúpa / Peace Stupa in Zalaszántó](https://en.wikipedia.org/wiki/Buddhism_in_Hungary),"헝가리 Zalaszántó, Kovácsi-hegy 일대",46.87,17.25,,06:30 / 18:30,Europe/Budapest,14:30 / 02:30,"헝가리의 대표 불교 전통은 티베트계 카르마 까규파입니다. 타르(Tar)의 마고르시아 카르마 까규파 공동체는 ‘내면의 길’을 잇는 살아 있는 전승을 강조하며, 부처로부터 스승-제자 계보로 이어지는 수행과 자비를 중시합니다. [Magyarországi Karma Kagyüpa Buddhista Közösség](https://buddha-tar.hu)",Zalaszántó의 Béke sztúpa는 유럽 최대급 불교 성지로 소개됨,"[Traveladdict.hu의 Zalaszántó 스투파 사진](https://traveladdict.hu/wp-content/uploads/2020/05/IMG_2312v.jpg), [Wikimedia Commons 관련 이미지](https://upload.wikimedia.org/wikipedia/commons/thumb/f/f4/Zalasz%C3%A1nt%C3%B3_sztupa_5.JPG/250px-Zalasz%C3%A1nt%C3%B3_sztupa_5.JPG)","[Magyarországi Karma Kagyüpa Buddhista Közösség](https://buddha-tar.hu), [Buddhism in Hungary - Wikipedia](https://en.wikipedia.org/wiki/Buddhism_in_Hungary), [Magyar UNESCO Bizottság](https://unesco.hu)",C: 부분 확보,공식 벨 타종 시각은 확인되지 않았습니다. Buddha-tar 공식 페이지에는 행사 시간은 있으나 벨 관련 정규 타종 시각은 없었습니다. 따라서 bell_time_local과 bell_time_korea는 N/A로 처리했습니다. 좌표는 공개적으로 널리 알려진 위치를 Mapbox용으로 근사값으로 정리했습니다. UNESCO 공식 페이지에서는 해당 불교 유적이 명시적으로 언급되지 않았습니다.
7,대만,Taiwan,East Asia,佛光山佛陀紀念館（Fo Guang Shan Buddha Museum）,"高雄市大樹區統嶺里統嶺路1號（Kaohsiung City, Dashu District, Taiwan）",1.0,2.0,,06:00 / 18:00,Asia/Taipei (UTC+8),07:00 / 19:00,"인간불교(人間佛教) 전통이 핵심이며, 일상 속 실천·자비·교육·문화·사회참여를 중시하는 현대 대만 불교의 대표 사례입니다. [佛光山](https://www.fgs.org.tw/), [Taiwan Religious Culture Map](https://taiwangods.moi.gov.tw/html/Landscape_en/1_002.aspx?p=1)",佛光山佛陀紀念館（Fo Guang Shan Buddha Museum）,[Fo Guang Shan Buddha Museum](https://upload.wikimedia.org/wikipedia/commons/thumb/8/83/Fo_Guang_Shan_Buddha_Museum_%E4%BD%9B%E5%85%89%E5%B1%B1%E4%BD%9B%E9%99%80%E7%B4%80%E5%BF%B5%E9%A4%A8_.jpg/1280px-Fo_Guang_Shan_Buddha_Museum_%E4%BD%9B%E5%85%89%E5%B1%B1%E4%BD%9B%E9%99%80%E7%B4%80%E5%BF%B5%E9%A4%A8_.jpg),"[Taiwan Religious Culture Map](https://taiwangods.moi.gov.tw/html/Landscape_en/1_002.aspx?p=1), [佛光山南屏別院](https://www.fgs.org.tw/branch/?BrID=D51300), [佛光山全球資訊網](https://www.fgs.org.tw/), [Wikimedia Commons](https://upload.wikimedia.org/wikipedia/commons/thumb/8/83/Fo_Guang_Shan_Buddha_Museum_%E4%BD%9B%E5%85%89%E5%B1%B1%E4%BD%9B%E9%99%80%E7%B4%80%E5%BF%B5%E9%A4%A8_.jpg/1280px-Fo_Guang_Shan_Buddha_Museum_%E4%BD%9B%E5%85%89%E5%B1%B1%E4%BD%9B%E9%99%80%E7%B4%80%E5%BF%B5%E9%A4%A8_.jpg)",C: 부분 확보,"공식 페이지 검색에서는 대표 사찰 세부 좌표와 공개 종 타종 시간을 확인하지 못했습니다. 따라서 벨/종 소리 링크와 타종 시각은 임의로 만들지 않고 N/A로 처리했습니다. Taiwan의 현지 시간대는 UTC+8이므로, N/A인 경우 한국시간도 N/A입니다. 필요 시 후속 조사로 Fo Guang Shan의 특정 의식 일정(예: 법회/의례 페이지)이나 영상 아카이브를 추가 확인할 수 있습니다."
8,대한민국,South Korea,East Asia,불국사(Bulguksa Temple),경상북도 경주시 진현동 토함산 일대,35.79,129.3322,,06:00 / 18:00,Asia/Seoul (UTC+9),06:00 / 18:00,"신라 불교의 정토·화엄적 세계관을 건축과 조형으로 구현한 대표 유산. 석굴암은 깨달음의 불상을, 불국사는 지상에 구현된 불국토를 상징한다.",석굴암과 불국사(UNESCO World Heritage),[UNESCO: Seokguram Grotto and Bulguksa Temple](https://whc.unesco.org/en/list/736/),"[UNESCO World Heritage Centre](https://whc.unesco.org/en/list/736/), [Visit Korea: Bulguksa](https://english.visitkorea.or.kr/svc/whereToGo/locIntrdn/rgnContentsView.do?vcontsId=94395)",A: 핵심자료 풍부,한국의 대표 불교 유산으로 유지했다. 정확한 일일 타종시각은 공식 공개자료에서 확인되지 않았다.
9,대한민국,South Korea,East Asia,조계사(Jogyesa Temple),"서울특별시 종로구 견지동, 인사동 인근",37.5739,126.9819,[YouTube: Visit Jogyesa Temple in Seoul](https://www.youtube.com/watch?v=VSwsitFxZFs),06:00 / 18:00,Asia/Seoul (UTC+9),06:00 / 18:00,"대한불교조계종의 총본산 성격을 지닌 서울 중심 사찰로, 한국 선불교(간화선), 대승불교의 자비 실천, 도심 포교와 연등문화의 상징성이 크다.",조계사 대웅전과 도심 연등 문화,[Wikimedia Commons: Jogyesa image](https://commons.wikimedia.org/wiki/File:Seoul-Buddhist.temple-Jogyesa-01.jpg),"[Jogyesa official history](https://www.jogyesa.kr/eng/about/history.php), [Visit Korea: Jogyesa](https://english.visitkorea.or.kr/svc/whereToGo/locIntrdn/rgnContentsView.do?vcontsId=111552), [Wikimedia Commons: Jogyesa](https://commons.wikimedia.org/wiki/Category:Jogyesa)",A: 핵심자료 풍부,한국 웹사이트 기획에서 서울 도심형 불교 사찰 축으로 추가했다. 공개적으로 검증되는 상시 타종시각은 확인되지 않았다.
10,대한민국,South Korea,East Asia,봉은사(Bongeunsa Temple),"서울특별시 강남구 삼성동, 코엑스 인근",37.5157,127.0573,,06:00 / 18:00,Asia/Seoul (UTC+9),06:00 / 18:00,"한국 선불교 수행 전통과 화엄경 목판, 미륵대불, 도심 템플스테이를 결합한 현대 도시 사찰. 수행·문화·포교 기능이 강하다.","봉은사 대웅전, 판전, 미륵대불, 동종",[Wikimedia Commons: Bongeunsa category](https://commons.wikimedia.org/wiki/Category:Bongeunsa),"[Bongeunsa official overview](http://temple.bongeunsa.org/public_html_en/intro/buddhist.asp), [Visit Korea: Bongeunsa](https://english.visitkorea.or.kr/svc/contents/contentsView.do?vcontsId=104722), [Wikimedia Commons: Bongeunsa](https://commons.wikimedia.org/wiki/Category:Bongeunsa)",A: 핵심자료 풍부,봉은사 공식 안내에서 사찰 내 Bell Pavilion/Bell Tower와 동종 문화재는 확인된다. 일부 여행 안내에는 17시 타종 관람 정보가 있으나 공식 검증이 부족해 시간 칸에는 입력하지 않았다.
11,일본,Japan,East Asia,Tōdai-ji (東大寺),"Nara, Nara Prefecture, Japan",34.68917,135.83972,"[YouTube: Japanese temple bell ambience](https://www.youtube.com/watch?v=xZRzZ3k2kWI), [YouTube: temple bell soundscape](https://www.youtube.com/watch?v=kOCIaGVYyDY)",06:00 / 18:00,Asia/Tokyo,06:00 / 18:00,"화엄종(華厳宗, Kegon). 일본 불교의 대표적 대승 전통으로, 상호연기와 모든 존재의 상호침투를 강조함.",Historic Monuments of Ancient Nara,[Wikimedia Commons: RyoanJi-Kane.jpg](https://commons.wikimedia.org/wiki/File:RyoanJi-Kane.jpg),"[Tōdai-ji official site](https://www.todaiji.or.jp/en/), [UNESCO World Heritage Centre](https://whc.unesco.org/en/list/870/), [Tōdai-ji on Wikipedia](https://en.wikipedia.org/wiki/T%C5%8Ddai-ji), [Wikimedia Commons file page](https://commons.wikimedia.org/wiki/File:RyoanJi-Kane.jpg)",A: 핵심자료 풍부,"공식 사이트와 UNESCO 페이지에서 Tōdai-ji와 나라 세계유산 맥락은 확인했지만, 공개된 공식 자료만으로는 일반 방문객 대상의 정확한 일일 타종 시각을 찾지 못했음. 따라서 타종 시각은 N/A가 가장 안전함. 벨 오디오/영상 링크는 일본 사찰 종소리와 관련된 공개 영상으로 대체했으며, 특정 사찰 전용 기록이 아니라는 한계가 있음."
12,네덜란드,Netherlands,Europe,허화사(He Hua Temple / 荷華寺),"Zeedijk, Amsterdam, Netherlands",52.3742,4.9004,,06:00 / 18:00,"Asia/Jakarta (WIB, UTC+7)",08:00 / 20:00,"대만 불광산 계열의 인간불교(人間佛教). 일상 속 수행, 자비, 교육, 문화교류를 강조한다.","He Hua Temple, Amsterdam",[Wikimedia Commons media search](https://commons.wikimedia.org/wiki/Special:MediaSearch?type=image&search=He%20Hua%20Temple%20Amsterdam),"[He Hua Temple official site](https://ibps.nl/eng/), [Wikipedia: He Hua Temple](https://en.wikipedia.org/wiki/He_Hua_Temple)",C: 부분 확보,초기 조사에 인도네시아 보로부두르가 잘못 들어간 행을 네덜란드 암스테르담의 He Hua Temple로 수정했다. 공식 타종 시각은 확인되지 않았다.
13,독일,Germany,Europe,[Das Buddhistische Haus](https://das-buddhistische-haus.de/pages/de/),"Berlin-Frohnau, Berlin, Germany",52.667,13.323,N/A — 공식/신뢰 가능한 벨 음원 또는 종타 영상의 직접 확인 링크를 찾지 못함,06:00 / 18:00,Europe/Berlin (CET/CEST),15:00 / 03:00,"독일에서 가장 오래된 불교 사찰로 알려진 테라와다 전통의 중심지이며, 정진·명상·침묵을 중시한다. 공식 페이지는 ‘보는 것/듣는 것/생각하는 것’을 공개할 수 있어야 한다는 폴 달케의 말을 전하며, 내면의 자유와 정화를 지향하는 명상 수행 분위기를 보여준다. ([Das Buddhistische Haus](https://das-buddhistische-haus.de/pages/de/))","Das Buddhistische Haus, Berlin-Frohnau",[Das Buddhistische Haus3 on Wikimedia Commons](https://commons.wikimedia.org/wiki/File:Das.Buddhistische.Haus3.JPG),"[Das Buddhistische Haus 공식 홈페이지](https://das-buddhistische-haus.de/pages/de/), [Wikimedia Commons 파일 페이지](https://commons.wikimedia.org/wiki/File:Das.Buddhistische.Haus3.JPG), [Deutsche UNESCO-Kommission](https://www.unesco.de/)",C: 부분 확보,"공식 홈페이지에서 방문 안내는 확인됐지만, 종을 울리는 정확한 공공 의식 시각은 명시되지 않았다. 따라서 현지 종타 시각과 한국시간은 N/A로 처리했다. 좌표는 Mapbox용 근사값이며, 더 정밀한 값이 필요하면 지오코딩 재검증을 권장한다."
14,영국,United Kingdom,Europe,Buddhapadipa Temple,"Wimbledon, London, United Kingdom",51.4269,-0.2383,,06:00 / 18:00,Europe/London,15:00 / 03:00,"영국의 대표적 불교 전통은 티베트계·명상 중심 불교와 태국계 테라와다 공동체가 함께 공존합니다. 특히 런던의 불교 사찰들은 의식, 명상, 자비 수행을 강조하는 실천 중심 전통을 보여줍니다.",Dhamma Talaka Peace Pagoda,[Historic England blog image](https://i0.wp.com/heritagecalling.com/wp-content/uploads/2022/06/2048px-Dhamma_Talaka_Peace_Pagoda_Birmingham.jpg?ssl=1),"[UNESCO World Heritage Centre](https://whc.unesco.org), [Historic England blog](https://heritagecalling.com/2022/06/15/a-brief-history-of-buddhist-temples-in-england/), [Wikipedia: Buddhapadipa Temple](https://en.wikipedia.org/wiki/Buddhapadipa_Temple), [Wikimedia Commons image](https://upload.wikimedia.org/wikipedia/commons/9/9e/Samye_Ling_Stupa.JPG)",C: 부분 확보,"공개 검색으로는 Buddhapadipa Temple의 공식 웹페이지 접속이 불안정해 정식 주소와 벨 시간은 직접 검증하지 못했습니다. 따라서 벨 관련 항목은 모두 N/A로 두었습니다. 좌표는 널리 알려진 위치를 Mapbox 형식으로 제공했지만, 최종 서비스 적용 전 한 번 더 주소/좌표 대조를 권장합니다. 영국 불교 유적 예시로는 불교 사찰 발달사를 다룬 Historic England 자료와 이미지가 확인되었습니다."
15,체코,Czech Republic,Europe,"Buddhismus Diamantové cesty linie Karma Kagjü, n. s. (Praha 7-Holešovice)","Na Maninách 1288/17a, 170 00 Praha 7-Holešovice, Czech Republic",50.1059,14.4455,,06:00 / 18:00,Europe/Prague,15:00 / 03:00,"체코에서는 카르마 카규(Karma Kagyü) 계열의 다이아몬드 웨이 불교가 중심적으로 소개됩니다. 공식 사이트는 17대 카르마파 틴레 타예 도르제의 영적 지도와 라마 올라프 니달의 실천적 지도를 언급하며, 1990년대부터 체코에서 전개되어 왔다고 설명합니다.","체코의 불교 유산은 개별 사찰보다 도시형 수행센터 중심으로 확인되며, 대표적으로 프라하의 다이아몬드 웨이 불교 센터가 가장 검증 가능한 사례입니다.",[Wikimedia Commons: Religiøse buildings in the Czech Republic](https://commons.wikimedia.org/wiki/Commons:Featured_pictures/Places/Architecture/Religious_buildings),"[Buddhism Diamantové cesty - O nás](https://www.buddhism.cz/o-nas/), [Buddhism Diamantové cesty - Kontakt](https://www.buddhism.cz/kontakt/), [Wikimedia Commons: Featured pictures of religious buildings in the Czech Republic](https://commons.wikimedia.org/wiki/Commons:Featured_pictures/Places/Architecture/Religious_buildings)",D: 추가검증 필요,"공식 사이트에서 확인되는 것은 주소와 전통 정보뿐이며, 공개 벨 타임·종 타종 공지·벨 영상은 찾지 못했습니다. 따라서 bell_sound_or_video와 타종 시각은 모두 N/A로 기입했습니다. 좌표는 주소 기반의 Mapbox 친화적 추정치입니다."
18,아르헨티나,Argentina,South America,불광산 아르헨티나 사찰(Fo Guang Shan Buddhist Temple Argentina),"Belgrano, Buenos Aires, Argentina",-34.564,-58.455,,06:00 / 18:00,America/Argentina/Buenos_Aires,15:00 / 03:00,불광산 계열 인간불교와 아르헨티나 내 티베트 불교 전통이 병존한다. 도시형 사찰·명상센터 중심의 현대 불교 수용이 특징이다.,Fo Guang Shan Buddhist Temple Argentina / Buenos Aires Buddhist centers,[Wikimedia Commons media search](https://commons.wikimedia.org/wiki/Special:MediaSearch?type=image&search=Fo%20Guang%20Shan%20Argentina),"[Tricycle: The Buddhist Traveler in Buenos Aires](https://tricycle.org/magazine/buddhism-buenos-aires/), [Tripadvisor: Fo Guang Shan Buddhist Temple Argentina](https://www.tripadvisor.com/Attraction_Review-g312741-d32731516-Reviews-Fo_Guang_Shan_Buddhist_Temple_Argentina-Buenos_Aires_Capital_Federal_District.html)",D: 추가검증 필요,초기 조사에서 대표 사찰이 N/A였으므로 부에노스아이레스의 불교 사찰/센터 중심으로 보완했다. 공식 타종 시각은 확인되지 않았다.
19,네팔,Nepal,South Asia / Himalaya,Boudhanath Stupa (Bauddhanath),"Kathmandu, Nepal",27.7213,85.362,"[UNESCO Kathmandu Valley](https://whc.unesco.org/en/list/121/), [Boudhanath Stupa video](https://www.youtube.com/watch?v=0LcGusLppEc)",06:00 / 18:00,Asia/Kathmandu (UTC+5:45),10:00 / 22:00,"네팔 불교는 카트만두 계곡의 스투파 전통과 뉴어 불교, 티베트 불교의 영향이 함께 나타납니다. 특히 보드나트와 스와얌부는 관세음보살 신앙, 공덕(merit) 수행, 만다라적 우주관, 순례와 염불 중심의 실천을 보여줍니다.",카트만두 계곡 세계유산의 불교 유산: 스와얌부나트와 보드나트,[Wikimedia Commons: Boudhanath Stupa](https://commons.wikimedia.org/wiki/File:IMG_0361_Kathmandu_Bodnath.jpg),"[UNESCO Kathmandu Valley](https://whc.unesco.org/en/list/121/), [Wikimedia Commons file page](https://commons.wikimedia.org/wiki/File:IMG_0361_Kathmandu_Bodnath.jpg), [Wikipedia: Buddha's Birthday](https://en.wikipedia.org/wiki/Buddha%27s_Birthday)",C: 부분 확보,"UNESCO는 카트만두 계곡 세계유산에 스와얌부(Swayambhu)와 보드나트(Bauddhanath)를 포함한다고 설명합니다. 보드나트는 네팔 최대의 스투파, 스와얌부는 계곡에서 가장 오래된 불교 기념물로 소개됩니다. 확인 가능한 ‘공개 타종 시간’은 찾지 못해 N/A로 두었고, 한국시간도 동일하게 N/A입니다. 좌표는 Wikimedia Commons 파일의 카메라 위치와 일반적인 지도 표기를 바탕으로 Mapbox에 바로 쓰기 쉬운 형식으로 정리했습니다."
20,미얀마,Myanmar,Southeast Asia,Bagan,"중앙 미얀마 이라와디강 굽이의 성지 풍경, 바간 유적지",21.1688,94.869,,05:00 / 18:00,Asia/Yangon (UTC+6:30),08:00 / 21:00,"테라와다 불교 전통이 중심이며, 바간은 공덕 쌓기(merit-making)와 불교 예술·건축이 결합된 살아 있는 성지로 알려져 있다. 미얀마 불교는 사원과 탑을 중심으로 공동체 의례와 보시, 순례가 이어지는 전통이 강하다.",Bagan UNESCO World Heritage Site,"[UNESCO Bagan](https://whc.unesco.org/en/list/1588), [UNESCO World Heritage Centre image search](https://whc.unesco.org/en/list/1588/images/)","[UNESCO World Heritage Centre](https://whc.unesco.org/en/list/1588), [Myanmar Ministry of Hotels and Tourism](http://tourism.gov.mm/en/information-pages/about-myanmar), [Wikipedia Myanmar article](https://en.wikipedia.org/wiki/Myanmar)",C: 부분 확보,"공식 자료에서 미얀마의 불교 유산은 충분히 확인되지만, ‘타종소리/영상’과 ‘정확한 일일 타종 시각’은 신뢰할 수 있는 공개 출처로 확인되지 않았다. 따라서 임의 추정 없이 N/A로 표기했다. 바간은 대표 불교 유적으로 가장 검증 가능성이 높아 대표 사찰/유적으로 선택했다. 좌표는 Mapbox 표시에 적합한 바간 중심부의 대표값으로 사용했으며, 개별 사원 좌표가 필요하면 특정 탑을 재지정해야 한다."
21,이탈리아,Italy,Southern Europe,라마 총카파 연구소(Istituto Lama Tzong Khapa),"Pomaia, Santa Luce, Tuscany, Italy",43.456,10.559,,06:00 / 18:00,Europe/Rome,15:00 / 03:00,"티베트 겔룩파 전통. 람림, 보리심, 공성, 밀교 수행과 현대 불교교육을 중심으로 한다.","Istituto Lama Tzong Khapa, Pomaia",[Wikimedia Commons media search](https://commons.wikimedia.org/wiki/Special:MediaSearch?type=image&search=Istituto%20Lama%20Tzong%20Khapa),"[Istituto Lama Tzong Khapa official site](https://www.iltk.org/en/), [Visit Tuscany](https://www.visittuscany.com/en/attractions/lama-tzong-khapa-institute-in-pomaia/), [Wikipedia: Istituto Lama Tzong Khapa](https://en.wikipedia.org/wiki/Istituto_Lama_Tzong_Khapa)",D: 추가검증 필요,"초기 조사에서 대표 사찰이 N/A였으므로, 이탈리아의 대표적 티베트 불교 교육기관으로 보완했다. 타종 시각은 공식 확인 불가."
24,프랑스,France,Western Europe,Cam Lộ Temple (Plum Village / Lower Hamlet),"Village des Pruniers, 1336 Route de Lalande, 47120 Loubès-Bernac, France",44.698,0.392,,06:00 / 18:00,Europe/Paris,15:00 / 03:00,"티흐낫한 전통의 선(禪)·정념 수행 중심 공동체로, 일상 수행과 공동체 생활을 통해 알아차림, 자비, 평화의 실천을 강조함.",Kagyu-Dzong (파리 빈센느 숲의 티베트 불교 사찰),[Category:Kagyu-Dzong - Wikimedia Commons](https://commons.wikimedia.org/wiki/Category:Kagyu-Dzong),"[Plum Village Lower Hamlet](https://plumvillage.org/fr/meditation-halls/lower-hamlet), [Plum Village France / Lower Hamlet](https://plumvillage.org/practice-centre/plum-village-monastery/lower-hamlet), [Kagyu-Dzong - Wikimedia Commons](https://commons.wikimedia.org/wiki/Category:Kagyu-Dzong), [Kagyu Dzong official site](https://www.kagyu-dzong.fr)",C: 부분 확보,"프랑스에서 공개적으로 검증 가능한 ‘정확한 타종 시각’은 찾지 못했다. Kagyu-Dzong 공식 사이트와 Plum Village 공식 페이지 모두 벨/종 타종 시간을 명시하지 않았으므로 N/A가 가장 안전하다. 좌표는 Wikimedia Commons의 Kagyu-Dzong 카테고리와 파일 페이지에서 확인된 위치를 바탕으로 한 근사치이며, Mapbox 표시용으로 충분하나 세부 검증이 더 필요하면 OSM/공식 지도 링크를 추가 확인할 수 있다."
25,브라질,Brazil,남미,Templo Budista Nikkyoji (Catedral Budista Nikkyoji),"R Vicente da Costa, 211 - Ipiranga, São Paulo - SP, Brazil",-23.59,-46.61,,06:00 / 18:00,America/Sao_Paulo,15:00 / 03:00,"혼몬 부쓰류슈(Honmon Butsuryu Shu) 계열의 ‘불교원초/불교원리’ 전통으로, 법화경과 ‘남무묘호렌게쿄’ 염송을 중시합니다. 브라질에서는 일본계 이민사회와 함께 자리잡은 재가·의례 중심의 실천이 두드러집니다.",Catedral Budista Nikkyoji,,"[Budismo Primordial](https://budismo.com.br), [São Paulo State Tourism](https://www.turismo.sp.gov.br/sec_turismo/noticias/capital-paulista-14-atrativos-guia-turistico-religioes-orientais/!ut/p/z1/vZJdT8IwFIZ_ixdcNi3rPi8BlYmwkeCE9YZ0ZRs1Wzu2gh-_3k5iVIiiIbF3bZ7z9pz3vJDABSSC7nhOFZeCFvoeE3uJXNs08BBhD4WXyL4Lp16AMJqNDTjfA9-cHoLkV_XvgH_VAlHQ743D0HFGxqn6e0ggqRhfwZgllmmnhgUcI0mA6eEVSFI7AR7KvKybMJRR1NJMqEqtYdykbKm2NW9KuWRSqFSoDvr02EFCKs44bTqI0YorWoCKbgveKAq6JqCq1jbtZAPyLafgrUrzEtRpwXMu0wbImmtVypvDOY8HIT_bOGNUa5BTGPnq17Gdse7D-QCmkxbAge3gqXHjeg6c73j6CCMh61Lvf_ZHe310-MO-hf6t65vDsWVdW2f-MDqVCB1Zo54MJrmWpWoNuMgkXJy9QC3LHzYb0tMBasPypODiXxNUlVFUuvgZjPyXfgCGg8R9xkV-8Qp8k6YB/)",C: 부분 확보,공식 페이지에서 확인 가능한 공개 정보만 사용했습니다. 벨 타종/종소리/영상은 공식·신뢰 가능한 자료에서 확인되지 않아 N/A로 두었습니다. 좌표는 공개 검증이 충분하지 않아 Mapbox 입력용 근사값입니다. 필요하면 다음 단계에서 위키데이터/지도 서비스로 좌표를 더 엄밀히 보정할 수 있습니다.
28,스리랑카,Sri Lanka,남아시아,Sri Dalada Maligawa (Temple of the Sacred Tooth Relic),"Kandy, Central Province, Sri Lanka",7.2936,80.6414,"[Temple of the Sacred Tooth Relic 공식 사이트](https://sridaladamaligawa.lk), [Temple of the Sacred Tooth Relic 관련 Wikimedia Commons 이미지/미디어](https://commons.wikimedia.org/wiki/Category:Buddhist_temples_in_Sri_Lanka)",06:00 / 18:00,Asia/Colombo (UTC+5:30),10:00 / 22:00,"스리랑카 불교는 주로 상좌부(테라와다) 전통이며, 수행·계율·사원 순례·불사리(사리라) 신앙이 강한 편입니다. 유네스코는 아누라다푸라, 폴론나루와, 담불라, 캔디 등 불교 유산을 세계유산으로 등재하고 있습니다.",Sacred City of Kandy / Temple of the Sacred Tooth Relic,[Panorama of Temple of Sacred Tooth.jpg](https://commons.wikimedia.org/wiki/File:Panorama_of_Temple_of_Sacred_Tooth.jpg),"[UNESCO Sri Lanka World Heritage](https://whc.unesco.org/en/statesparties/lk), [Sri Lanka Tourism](https://www.srilanka.travel/), [Sri Dalada Maligawa](https://sridaladamaligawa.lk), [Wikimedia Commons Buddhist temples in Sri Lanka](https://commons.wikimedia.org/wiki/Category:Buddhist_temples_in_Sri_Lanka)",C: 부분 확보,"정확한 ‘공개 타종 시각’은 공식적으로 확인되지 않았습니다. 다만 캔디의 Temple of the Sacred Tooth Relic은 일상 예불/의식으로 매우 잘 알려져 있으나, 본 요청 기준으로 확인 가능한 특정 시각 자료가 없어 N/A로 두었습니다. 좌표는 Mapbox 입력에 적합한 중심점 추정값입니다."
29,인도,India,남아시아,Mahabodhi Temple Complex at Bodh Gaya,"Bodh Gaya, Gaya Ji, Bihar - 824231, India",24.6959,84.9915,[Holy bell at Sarnath Buddhist temple (YouTube)](https://www.youtube.com/watch?v=zFX3mag5exg),06:00 / 18:00,Asia/Kolkata (UTC+5:30),10:00 / 22:00,"붓다가 깨달음을 얻은 성지로, 깨달음(보리)·명상·연기 사상을 상징하는 인도 불교의 핵심 순례 전통을 대표함.",Mahabodhi Temple Complex at Bodh Gaya,[Mahabodhi Temple image on Wikipedia](https://upload.wikimedia.org/wikipedia/commons/thumb/4/4e/Mahabodhitemple.jpg/250px-Mahabodhitemple.jpg),"[Bihar Tourism](https://tourism.bihar.gov.in/en/destinations/gaya/mahabodhi-temple), [UNESCO World Heritage Centre](https://whc.unesco.org/en/list/1056/), [Wikipedia image](https://upload.wikimedia.org/wikipedia/commons/thumb/4/4e/Mahabodhitemple.jpg/250px-Mahabodhitemple.jpg)",C: 부분 확보,"Mahabodhi Temple의 공식 벨/종 타종 시각은 확인되지 않았습니다. Bihar Tourism과 UNESCO 페이지는 위치와 세계유산 지위를 확인해 주지만, 일일 공개 의식 시각이나 종소리 일정은 명시하지 않았습니다. 따라서 현지 타종시각과 한국시간은 N/A로 처리했습니다."
31,부탄,Bhutan,남아시아 / 히말라야,Paro Taktsang (Tiger's Nest Monastery),"Paro Valley, Paro District, Bhutan",27.4919111,89.3634889,N/A — 공식/신뢰 가능한 타종 영상 또는 오디오의 명확한 공개 링크를 확인하지 못함,06:00 / 18:00,Asia/Thimphu (UTC+6),09:00 / 21:00,"주요 전통은 티베트계 금강승 불교이며, 구루 린포체(파드마삼바바) 전승과 수행·명상 중심의 성격이 강함. 불교는 왕국의 문화와 사찰·종교축제(tshechu)에 깊게 연결돼 있음.",Paro Taktsang (Tiger's Nest Monastery),"[Wikimedia Commons](https://commons.wikimedia.org/wiki/File:Paro_Taktsang,_Bhutan_(edited).jpg)","[UNESCO Bhutan World Heritage Convention page](https://whc.unesco.org/en/statesparties/bt), [Wikimedia Commons file page](https://commons.wikimedia.org/wiki/File:Paro_Taktsang,_Bhutan_(edited).jpg), [Wikipedia: Paro Taktsang](https://en.wikipedia.org/wiki/Paro_Taktsang)",C: 부분 확보,"UNESCO Bhutan 페이지에는 세계유산 등재 사찰이 직접 지정되어 있지 않았고, 탁상사원(Paro Taktsang)은 대표 상징성은 높지만 공식 세계유산이 아닌 점을 확인했다. Wikipedia 발췌에는 매일 4시 경 종소리/경건한 음향이 언급되지만, 단일 2차 출처라 공적 타종 시각으로 확정하지 않고 N/A로 처리했다. 부탄의 표준시대는 Asia/Thimphu(UTC+6)이며, 한국과는 3시간 차이이므로 시각이 확인되면 한국시간은 +3시간 변환이 필요하다."
32,아프가니스탄,Afghanistan,남아시아/중앙아시아 접경,Bamiyan Cultural Landscape (Bamiyan Valley Buddhist remains),아프가니스탄 바미안 주(Bamiyan Province) 바미안 계곡,34.825,67.83333,"[UNESCO: Preserving the archaeological remains of the Bamiyan Valley](https://www.youtube.com/watch?v=-Aie4HtNtwQ), [UNESCO: The mural paintings of the Buddha Cliff](https://www.youtube.com/watch?v=xPW7vXhrJRs)",06:00 / 18:00,Asia/Kabul (UTC+4:30),11:00 / 23:00,"바미안은 서방으로 뻗은 불교 전파의 중요한 거점이었고, 승원·동굴 사원·벽화·거대 불상으로 대표되는 간다라/중앙아시아 불교문화의 흔적을 보여줍니다. 현재는 예배용 사찰보다 세계유산급 불교 유적지로 해석하는 것이 가장 정확합니다.",Bamiyan Valley / Cultural Landscape and Archaeological Remains of the Bamiyan Valley,"[UNESCO World Heritage Centre](https://whc.unesco.org/uploads/thumbs/news_2253-1200-630-20210311100310.jpg), [Wikimedia Commons](https://upload.wikimedia.org/wikipedia/commons/4/46/Buddha_of_Bamiyan.jpg)","[UNESCO World Heritage Convention News](https://whc.unesco.org/en/news/&maxrows=200), [UNESCO Declaration on intentional destruction](https://www.unesco.org/es/legal-affairs/unesco-declaration-concerning-intentional-destruction-cultural-heritage), [Wikipedia: Bamyan](https://en.wikipedia.org/wiki/Bamiyan_Valley), [UNESCO video: Bamiyan Valley preservation](https://www.youtube.com/watch?v=-Aie4HtNtwQ)",C: 부분 확보,"아프가니스탄에는 오늘날 검증 가능한 ‘일반 공개 사찰 종타종 시간’이 확인되지 않았습니다. 따라서 특정 종소리/타종시각은 임의로 추정하지 않았습니다. 바미안의 대표 불교 유산은 2001년 파괴된 부처상과 주변 동굴 사원, 벽화층이며, UNESCO는 이 파괴를 ‘전 세계에 영향을 미친 비극’으로 언급합니다. Mapbox용 좌표는 바미안 계곡 중심의 널리 쓰이는 좌표를 사용했습니다."
33,라오스,Laos,동남아시아,왓 시엥통(Wat Xieng Thong),"라오스 루앙프라방 구시가지, 메콩강과 남칸강이 만나는 반도 지역 인근",19.89736,102.14313,"[Wat Xieng Thong file page](https://commons.wikimedia.org/wiki/File:Temple_Wat_Xieng_Thong_-_Luang_Prabang_-_Laos.jpg), [Luang Prabang temple overview video](https://www.youtube.com/watch?v=7c8tv9U8UfI)",06:00 / 18:00,Asia/Vientiane (UTC+7),08:00 / 20:00,"라오스의 주류는 테라와다 불교이며, 라오 불교는 지역 문화와 깊이 결합한 형태로 이해된다. 출가 승려, 공덕 쌓기, 아침 공양 등 일상 수행이 사회생활과 강하게 연결되어 있다.",루앙프라방의 역사도시(Town of Luang Prabang),"[Wikimedia Commons: Wat Xieng Thong](https://commons.wikimedia.org/wiki/File:Temple_Wat_Xieng_Thong_-_Luang_Prabang_-_Laos.jpg), [Wikimedia Commons: Luang Prabang temple image set](https://commons.wikimedia.org/wiki/Commons:Featured_pictures/Places/Architecture/Religious_buildings)","[UNESCO World Heritage Centre: Town of Luang Prabang](https://whc.unesco.org/en/list/479/), [UNESCO World Heritage Centre: Vat Phou](https://whc.unesco.org/en/list/481/), [Wikipedia: Buddhism in Laos](https://en.wikipedia.org/wiki/Buddhism_in_Laos), [Wikimedia Commons: Wat Xieng Thong file page](https://commons.wikimedia.org/wiki/File:Temple_Wat_Xieng_Thong_-_Luang_Prabang_-_Laos.jpg)",C: 부분 확보,대표 사찰은 루앙프라방의 상징적 사찰인 왓 시엥통으로 잡았다. 다만 검증 가능한 공개 자료에서 정기적인 공공 타종 시각을 찾지 못해 N/A로 표기했다. 좌표는 Wikimedia Commons의 카메라 위치를 Mapbox용 소수점 형식으로 변환했다. 라오스의 대표 불교 유산은 루앙프라방 역사도시와 왓푸가 가장 신뢰도 높은 UNESCO 근거를 제공한다.
34,말레이시아,Malaysia,동남아시아,[Kek Lok Si Temple](https://en.wikipedia.org/wiki/Kek_Lok_Si),"말레이시아 펄라우피낭 주 조지타운 아에르이탐(Ayer Itam), 페낭 섬 기슭",5.399525,100.2737306,,06:00 / 18:00,Asia/Kuala_Lumpur (UTC+8),07:00 / 19:00,"말레이시아 불교는 대체로 대승불교, 소승(테라와다), 중국 전통 의례가 함께 공존합니다. 대표 사찰로 꼽히는 켁 록 시는 이러한 흐름을 집약한 대형 복합사찰로, 예배·공양·연등·관음 신앙과 지역 공동체 의례가 함께 나타납니다.",Kek Lok Si Temple,[Kek Lok Si Temple photo on Wikimedia Commons](https://commons.wikimedia.org/wiki/Category:Kek_Lok_Si_Temple),"[Kek Lok Si - Wikipedia](https://en.wikipedia.org/wiki/Kek_Lok_Si), [Category:Kek Lok Si Temple - Wikimedia Commons](https://commons.wikimedia.org/wiki/Category:Kek_Lok_Si_Temple), [Theravada Buddhist Council of Malaysia](https://www.tbcm.org.my), [Buddha's Birthday - Wikipedia](https://en.wikipedia.org/wiki/Buddha%27s_Birthday)",C: 부분 확보,"공개적으로 확인 가능한 자료에서 켁 록 시의 ‘정확한 벨 타종 시각’은 찾지 못했습니다. 위키백과 자료에는 대형 유압식 종이 있고 명절 기간 늦은 밤까지 개방된다고만 나와 있으나, 특정 시각은 제시되지 않았습니다. 따라서 임의 추정은 하지 않았습니다. 좌표는 위키백과 기재값을 사용했으며 Mapbox 입력용으로 적합합니다. 한국시간 변환은 현지 시각이 N/A이므로 N/A입니다."
38,태국,Thailand,동남아시아,"왓 포 (Wat Pho, Temple of the Reclining Buddha)","방콕 프라나콘구, 태국",13.7464,100.4936,"[YouTube: Wat Pho, Buddhist Temple in Bangkok](https://www.youtube.com/watch?v=sBgIBiiF9Yc), [YouTube: Reclining Buddha Wat Pho Bangkok](https://www.youtube.com/watch?v=9aAHKNr-2RY)",06:00 / 18:00,Asia/Bangkok (UTC+7),08:00 / 20:00,"태국의 주류인 상좌부(테라와다) 불교 전통이 중심입니다. 왓 포는 수행, 공덕 쌓기, 경전·지식 보존의 의미가 강한 사찰로, 유네스코 기록유산인 비문 아카이브가 이를 잘 보여줍니다.",왓 포 비문 아카이브(Epigraphic Archives of Wat Pho),[Wikimedia Commons: Category:Wat Pho](https://commons.wikimedia.org/wiki/Category:Wat_Pho),"[UNESCO: Epigraphic Archives of Wat Pho](https://www.unesco.org/en/memory-world/epigraphic-archives-wat-pho), [Wikimedia Commons: Category:Wat Pho](https://commons.wikimedia.org/wiki/Category:Wat_Pho), [YouTube: Wat Pho, Buddhist Temple in Bangkok](https://www.youtube.com/watch?v=sBgIBiiF9Yc), [YouTube: Reclining Buddha Wat Pho Bangkok](https://www.youtube.com/watch?v=9aAHKNr-2RY)",C: 부분 확보,왓 포는 방콕의 대표 불교 사찰이자 유네스코 세계기록유산(비문 아카이브)과 연결되는 검증 가능한 사례입니다. 좌표는 Wikimedia Commons의 도 단위 좌표를 소수점으로 변환한 값입니다. 공개적으로 확인 가능한 공용 ‘타종 시각’이나 공식 일일 종소리 일정은 찾지 못해 N/A로 두었습니다. 타종 영상은 사찰 자체의 공식 bell page보다 일반 공개 영상으로 대체했습니다.
39,몽골,Mongolia,동북아시아,에르데네 주 사원 (Erdene Zuu Monastery),몽골 Övörkhangai 아이막 Kharkhorin 인근,47.20167,102.84333,,06:00 / 18:00,Asia/Ulaanbaatar (UTC+8),07:00 / 19:00,"티베트 불교 겔룩파 전통이 중심이며, 몽골 불교의 초기·대표 사원으로서 수행, 계율, 자비, 역사적 보존의 의미가 크다. Erdene Zuu는 몽골에서 가장 이른 시기의 생존 불교 사원으로 알려져 있다.",오르혼 계곡 문화경관 (Orkhon Valley Cultural Landscape),"[Erdene Zuu Monastery in Wikimedia Commons](https://commons.wikimedia.org/wiki/Category:Erdene_Zuu_Monastery), [Erdene Zuu Monastery - Wikipedia image page](https://en.wikipedia.org/wiki/Erdene_Zuu_Monastery)","[UNESCO Mongolia World Heritage page](https://whc.unesco.org/en/statesparties/mn), [Erdene Zuu Monastery - Wikipedia](https://en.wikipedia.org/wiki/Erdene_Zuu_Monastery), [Gandantegchinlen Monastery - Wikipedia](https://en.wikipedia.org/wiki/Gandantegchinlen_Monastery)",C: 부분 확보,"공식·준공식 자료에서 확인 가능한 몽골 대표 불교 사찰로 에르데네 주를 선택했다. 유네스코 몽골 페이지에는 오르혼 계곡 문화경관이 세계유산으로 등재되어 있고, 에르데네 주는 그 안에 포함된 불교 사찰로 소개된다. 그러나 확인 가능한 공식 출처에서는 매일의 공개 종타종 시간이나 특정 종소리 영상 링크를 찾지 못했다. 따라서 bell_time은 N/A로 처리했다. 좌표는 위키피디아 좌표를 사용했으며, Mapbox 입력용으로 소수점 형식으로 정리했다."
40,중국,China,동아시아,"불광사(Foguang Temple, Mount Wutai)",중국 산시성(山西省) 우타이산 풍경명승구 내,38.9769,113.5736,,06:00 / 18:00,Asia/Shanghai (UTC+8),07:00 / 19:00,"중국의 4대 불교 성산 중 하나인 오대산은 문수보살 신앙의 중심지로, 당대부터 이어진 사찰 건축·순례 전통과 불교 조형예술의 발전을 보여줍니다.",오대산(Mount Wutai) 세계유산,"[UNESCO Mount Wutai](https://whc.unesco.org/en/list/1279), [Wikimedia Commons image search](https://commons.wikimedia.org/wiki/Special:MediaSearch?type=image&search=Mount%20Wutai)","[UNESCO World Heritage Centre: Mount Wutai](https://whc.unesco.org/en/list/1279), [China Daily: Giant Wild Goose Pagoda](https://global.chinadaily.com.cn/a/202605/06/WS69fa767da310d6866eb46f2b.html)",C: 부분 확보,"오대산은 공식 UNESCO 페이지로 가장 검증이 쉽고, 벨 타임이나 공공 타종 의례 시간은 확인되지 않았습니다. 따라서 시각은 임의로 만들지 않고 N/A로 표기했습니다. Mapbox 좌표는 오대산의 대표 중심점으로 쓰기 좋은 값이며, 사찰 개별 좌표는 추가 검증 시 더 정밀화할 수 있습니다."
41,홍콩,Hong Kong,동아시아,"보린사(Po Lin Monastery, 寶蓮禪寺)","홍콩 란타우섬 응옹핑( Ngong Ping, Lantau Island ) — 천단대불(Tian Tan Buddha) 인근",22.2553,113.903,"[Hong Kong Tourism Board: Po Lin Monastery](https://www.discoverhongkong.com/eng/interactive-map/po-lin-monastery.html), [Tian Tan Buddha, Hong Kong (YouTube)](https://www.youtube.com/watch?v=l71XXYeWhbw)",06:00 / 18:00,Asia/Hong_Kong (UTC+8),07:00 / 19:00,"홍콩의 대표적 한(禪)불교 사찰로, 명상·자비·청정한 수행을 강조하는 중국 불교 전통을 보여준다. 보린사는 부처님오신날에 불욕(佛浴) 의식을 크게 거행한다.",천단대불(Tian Tan Buddha)과 보린사(Po Lin Monastery),"[Hong Kong Tourism Board image](https://www.discoverhongkong.com/content/dam/dhk/data/poi/media/p/po-lin-monastery/po-lin-monastery-01.jpg), [Wikimedia Commons image](https://upload.wikimedia.org/wikipedia/commons/1/1a/Po_Lin_Monastery_2.jpg)","[Hong Kong Tourism Board](https://www.discoverhongkong.com/eng/interactive-map/po-lin-monastery.html), [Po Lin Monastery Buddha Bathing Ceremony](https://www.discoverhongkong.com/kr/events/event.id84054.po-lin-monastery-s-buddha-bathing-ceremony.html), [Wikimedia Commons image](https://upload.wikimedia.org/wikipedia/commons/1/1a/Po_Lin_Monastery_2.jpg)",C: 부분 확보,"공식 페이지에서 공개된 벨 타종 시각은 확인되지 않았다. 대신 보린사의 연례 부처님오신날 불욕 의식(음력 4월 2일~8일)을 확인했으며, 이를 벨 시간 대체 정보로 사용할 근거는 없어 N/A로 유지했다. 좌표는 관광/지도용으로 쓰기 쉬운 근사값이며, 더 정밀한 값이 필요하면 GIS 기준으로 추가 확인이 좋다."
42,케냐,Kenya,동아프리카,Nairobi Buddhist Temple (Nairobi Buddhist Vihara/Temple),"Loresho Ridge Road, Loresho Ridge, Nairobi, Kenya",-1.2548,36.7902,,06:00 / 18:00,Africa/Nairobi (UTC+3),12:00 / 00:00,"주요 전통은 테라와다 계열로 보이며, 명상·담마 강의·독서 모임 중심의 수행 공동체로 운영됩니다. 케냐의 불교는 빠르게 성장 중이며, 나이로비 불교 비하라/사원이 케냐 불교의 중심으로 소개됩니다.",Nairobi Buddhist Temple / Nairobi Buddhist Vihara,"[Nairobi Buddhist Temple 공식 이미지](https://nairobibuddhisttemple.org/wp-content/uploads/2025/07/bhante-sitting-e1753686818557.jpg), [Wikimedia Commons: Buddhism in Kenya](https://commons.wikimedia.org/wiki/Category:Buddhism_in_Kenya)","[Nairobi Buddhist Temple](https://nairobibuddhisttemple.org/), [Wikipedia: Buddhism in Kenya](https://en.wikipedia.org/wiki/Buddhism_in_Kenya), [Wikimedia Commons: Buddhism in Kenya](https://commons.wikimedia.org/wiki/Category:Buddhism_in_Kenya)",C: 부분 확보,"공식 사이트에서 확인된 공개 일정은 매주 일요일 오후 3:00–4:30 명상 세션, 2:00pm 입문 독서 모임, 4:30pm 고급 불교 अध्ययन 모임이며, 일반 공개 개방 시간은 매일 8:00am–6:30pm입니다. 다만 이 일정은 타종(종) 시간으로 명시되어 있지 않아 종소리 시각은 N/A로 두었습니다. UNESCO 차원의 케냐 불교 유산 지정은 확인되지 않았습니다. 좌표는 지도용으로 입력한 근사치이므로, 서비스 적용 전 최신 위치 확인을 권장합니다."
43,탄자니아,Tanzania,동아프리카,[Tanzania Buddhist Temple & Meditation Centre](https://pannasekara.com),"Dar es Salaam, Tanzania(페이지상 위치가 명시되지 않아 커뮤니티·전달 자료 기준으로만 추정 가능)",-6.7924,39.2083,,06:00 / 18:00,"Africa/Dar_es_Salaam (EAT, UTC+3)",12:00 / 00:00,"탄자니아의 불교는 소승/상좌부 전통의 수행·명상·자비 실천이 중심으로 보이며, 공개 자료상으로는 다르에스살람의 불교 공동체와 수행 센터 활동이 확인됩니다.",Tanzania Buddhist Temple & Meditation Centre,[Tanzania Buddhist Temple - Dhamma Wiki 이미지](https://www.dhammawiki.com/images/2/2b/Pannas3.png),"[Rev Pannasekara 공식 사이트](https://pannasekara.com), [Dhamma Wiki 이미지](https://www.dhammawiki.com/images/2/2b/Pannas3.png), [Wikipedia: Religion in Tanzania](https://en.wikipedia.org/wiki/Religion_in_Tanzania)",D: 추가검증 필요,"공식 사찰 웹페이지에서 주소, 좌표, 일일 종루/종 타종 시간, 공개 법회 시간을 확인하지 못했습니다. 따라서 타종 시각은 N/A로 처리했습니다. 좌표는 공개된 사찰 고유 좌표를 찾지 못해 다르에스살람의 중심부 기준 참고값을 넣었으므로, Mapbox 서비스에는 검증 후 교체하는 것이 좋습니다."
44,마카오,Macau,마카오 특별행정구,관음당 / 보제선원(Kun Iam Tong / Pou Chai Sim Un),"Avenida do Coronel Mesquita, Nossa Senhora de Fátima, Macau",22.2079,113.5519,,06:00 / 18:00,Asia/Macau,15:00 / 03:00,관세음보살 신앙을 중심으로 한 중국 대승불교·선불교·정토적 신앙 실천이 결합된 마카오의 역사적 불교 사찰 전통.,Kun Iam Tong / Pou Chai Sim Un,[Wikimedia Commons media search](https://commons.wikimedia.org/wiki/Special:MediaSearch?type=image&search=Kun%20Iam%20Temple%20Macau),"[Macao Government Tourism Office](https://www.macaotourism.gov.mo/pt/sight/kun-iam-tong), [Wikipedia: Kun Iam Temple](https://en.wikipedia.org/wiki/Kun_Iam_Temple)",B: 주요자료 확보,"초기 조사에서 A-Ma Temple이 들어갔으나 도교 성격이 강해, 마카오의 대표 불교 사찰인 Kun Iam Tong으로 수정했다. 공개 검증 가능한 타종 시각은 확인되지 않아 N/A로 유지했다."
45,러시아,Russia,시베리아-부랴티야 (Buryatia),[이볼긴스키 다찬(Иволгинский дацан «Хамбын Хурээ»)](https://ivolgdatsan.ru/),"[러시아 부랴티야 공화국, 울란우데 인근 베르흐냐야 이볼가](https://en.wikipedia.org/wiki/Ivolginsky_Datsan)",51.75833,107.20333,,06:00 / 18:00,"Asia/Yakutsk (UTC+9, 부랴티야 지역 표준시로 처리)",06:00 / 18:00,"러시아 불교의 핵심 전통은 티베트 불교 계열인 바즈라야나이며, 부랴티야에서는 겔룩파(황모파) 전통이 중심이다. 이볼긴스키 다찬은 러시아 불교전통상가의 중심 사찰로 확인된다.",이볼긴스키 다찬,[이볼긴스키 다찬 사진(위키미디어)](https://upload.wikimedia.org/wikipedia/commons/e/ea/Ivolga_monastery.jpg),"[Ivolginsky Datsan - Wikipedia](https://en.wikipedia.org/wiki/Ivolginsky_Datsan), [Buddhism in Russia - Wikipedia](https://en.wikipedia.org/wiki/Buddhism_in_Russia), [Buddhism in Buryatia - Wikipedia](https://en.wikipedia.org/wiki/Buddhism_in_Buryatia), [Иволгинский дацан «Хамбын Хурээ»](https://ivolgdatsan.ru/), [Wikimedia Commons image](https://upload.wikimedia.org/wikipedia/commons/e/ea/Ivolga_monastery.jpg)",C: 부분 확보,"공식 사이트에서 일반 방문시간이나 고정된 공공 타종 시각은 확인되지 않았습니다. 신뢰 가능한 출처에서 ‘벨 소리/영상’과 정확한 타종시각을 입증하지 못해 N/A로 두었습니다. 부랴티야의 시간대는 자료 간 표기가 혼재할 수 있으나, 여기서는 KST와 같은 UTC+9권으로 다루는 Mapbox용 정리 목적에 맞춰 처리했습니다."
46,남아프리카공화국,South Africa,아프리카,난화사(Nan Hua Temple),"Bronkhorstspruit, Gauteng, South Africa",-25.809,28.743,,06:00 / 18:00,Africa/Johannesburg (UTC+2),13:00 / 01:00,"불광산 계열의 인간불교. 아프리카 지역에서 교육, 문화교류, 명상, 의례를 결합한 현대 대승불교 전통을 보여준다.",Nan Hua Temple,[Wikimedia Commons media search](https://commons.wikimedia.org/wiki/Special:MediaSearch?type=image&search=Nan%20Hua%20Temple%20South%20Africa),"[Nan Hua Temple official site](https://www.nanhuatemple.org), [Wikipedia: Nan Hua Temple South Africa](https://en.wikipedia.org/wiki/Nan_Hua_Temple,_South_Africa)",C: 부분 확보,"초기 조사에서 위빠사나 센터가 들어갔으나, 대중적 시각자료와 Mapbox 활용성이 높은 Nan Hua Temple로 수정했다. 공식 타종 시각은 확인되지 않았다."
47,뉴질랜드,New Zealand,오세아니아,Fo Guang Shan Buddhist Temple Auckland / 紐西蘭佛光山 북섬 센터,"16 Stancombe Road, Flat Bush, Manukau 2016, New Zealand",-36.9578,174.9054,N/A — 공식적으로 검증 가능한 뉴질랜드 사찰의 타종 오디오/영상 링크를 확인하지 못함.,06:00 / 18:00,Pacific/Auckland,15:00 / 03:00,"대승불교의 인도·자비 실천을 강조하는 불광산 불교 전통. 일상 속 수행과 공양, 대중 포교, 지역사회 봉사에 무게를 둠.",Fo Guang Shan Buddhist Temple Auckland,"[Discover Auckland](https://www.aucklandnz.com/media/media/tau/explore/arts-culture/fo-guang-shan-buddhist-temple/fo-guang-shan-buddhist-temple.jpg?ext=.jpg&crop=163,0,1757,1280), [Wikimedia Commons](https://upload.wikimedia.org/wikipedia/commons/a/aa/Fo_Guang_Shan_Buddhist_Temple%2C_Flat_Bush%2C_Auckland%2C_New_Zealand%2C_3_April_2010.jpg?utm_source=en.wikipedia.org&utm_campaign=index&utm_content=original)","[Fo Guang Shan New Zealand](https://fgs.org.nz), [Fo Guang Shan News](https://fgs.org.nz/news/2023%E5%9F%BA%E7%9D%A3%E5%9F%8E%E9%96%8B%E6%94%BE%E6%97%A5-%E5%8D%97%E5%B3%B6%E4%BD%9B%E5%85%89%E5%B1%B1%E8%BF%8E%E6%8E%A5600%E8%A8%AA%E5%AE%A2/), [Discover Auckland image](https://www.aucklandnz.com/media/media/tau/explore/arts-culture/fo-guang-shan-buddhist-temple/fo-guang-shan-buddhist-temple.jpg?ext=.jpg&crop=163,0,1757,1280), [Wikimedia Commons image](https://upload.wikimedia.org/wikipedia/commons/a/aa/Fo_Guang_Shan_Buddhist_Temple%2C_Flat_Bush%2C_Auckland%2C_New_Zealand%2C_3_April_2010.jpg?utm_source=en.wikipedia.org&utm_campaign=index&utm_content=original)",C: 부분 확보,"북섬 센터의 공식 페이지에서 주소와 운영 시간, 일부 법회 시간은 확인됐지만 ‘종 타종’이 명시된 정기 시간은 찾지 못했다. 남섬 센터는 크라이스트처치 오픈데이 행사로 공개 방문 이력이 확인되지만, 상시 관람 시간과 종 관련 정보는 확인되지 않았다. 따라서 타종 시각은 임의 추정하지 않고 N/A로 처리했다."
49,스페인,Spain,유럽 / 서유럽,[Enlightenment Stupa of Benalmádena](https://www.stupabenalmadena.org/en/),"Benalmádena, Málaga, Andalucía, Spain",36.595,-4.565,[Benalmádena stupa 관련 영상 검색 결과](https://www.youtube.com/results?search_query=Benalmadena+stupa+video),06:00 / 18:00,Europe/Madrid,15:00 / 03:00,"스페인 불교는 티베트 불교(카규·겔룩·사캬), 선(젠), 상좌부 전통이 함께 전해지며, 벤알마데나의 스투파는 명상과 깨달음(Enlightenment)을 상징하는 티베트 불교 계열의 대표적 상징물로 볼 수 있다.","Dag Shang Kagyü Buddhist Temple / Monastery, Panillo (Huesca)",[Estupa de Dag Shang Kagyü](https://commons.wikimedia.org/wiki/File:Estupa_de_Dag_Shang_Kagy%C3%BC.jpg),"[Enlightenment Stupa of Benalmádena](https://www.stupabenalmadena.org/en/), [Buddhism in Spain - Wikipedia](https://en.wikipedia.org/wiki/Buddhism_in_Spain), [File:Estupa de Dag Shang Kagyü.jpg - Wikimedia Commons](https://commons.wikimedia.org/wiki/File:Estupa_de_Dag_Shang_Kagy%C3%BC.jpg)",C: 부분 확보,공식 스투파 페이지에서는 주소·좌표·종 타종 시각을 확인하지 못했다. Wikipedia의 Spain Buddhism 항목과 Wikimedia Commons 파일 설명을 근거로 대표 유적과 전통을 보완했다. 정확한 bell time이 공개되지 않아 임의 추정은 하지 않았다.
50,스위스,Switzerland,중부 유럽,Lhagsam Tibetan Meditation,"Gablerstrasse 51, 8002 Zurich, Switzerland",47.365,8.527,,06:00 / 18:00,Europe/Zurich,15:00 / 03:00,"티베트 불교 전통을 바탕으로 한 명상·주중 공동 명상·라마 층카파 구루요가·만주슈리 염송 등 실천 중심의 가르침이 핵심입니다. 자비, 공성, 정화 수행을 강조합니다.",Wat Srinagarindravararam (Gretzenbach),"[Rabten Choeling 이미지](https://www.rabten.eu/images/RabtenChoeling3.PNG), [Wat Srinagarindvararam 이미지](https://upload.wikimedia.org/wikipedia/commons/7/70/Gretzenbach-Tempel.jpg)","[Lhagsam Tibetan Meditation](https://lhagsam.ch/), [Lhagsam events](https://lhagsam.ch/events-list-month-view/), [Tibet-Institut Rikon public events](https://www.tibet-institut.ch/content/tir/de/public_events.html), [Rabten Choeling study program](https://www.rabten.eu/studyProgram_en.htm), [Rabten Choeling events](https://www.rabten.eu/eventsSwiss_en.htm), [Wikimedia Commons image](https://commons.wikimedia.org/wiki/File:Gretzenbach-Tempel.jpg)",C: 부분 확보,"공식적으로 확인 가능한 스위스 불교 사이트들은 명상/의식 일정은 제공하지만, ‘종을 몇 시에 친다’는 식의 고정된 타종 시각은 확인되지 않았습니다. 그래서 타종 시각과 한국시간은 모두 N/A로 두었습니다. 좌표는 Mapbox용 대표값으로 사용하기 좋지만, 최종 배포 전에는 위경도 재검증을 권장합니다. Wat Srinagarindravararam의 공식 도메인은 도달 실패가 있어 위키미디어 이미지와 다른 공식/준공식 자료로 보완했습니다."
51,오스트리아,Austria,중부유럽,빈 평화탑(Vienna Peace Pagoda),"Vienna, Austria",48.186,16.449,,06:00 / 18:00,Europe/Vienna,15:00 / 03:00,"일본 니폰잔 묘호지 계열의 평화탑 전통으로, 법화경 신앙, 세계평화 기원, 비폭력적 불교 실천을 강조한다.",Vienna Peace Pagoda,[Wikimedia Commons media search](https://commons.wikimedia.org/wiki/Special:MediaSearch?type=image&search=Vienna%20Peace%20Pagoda),"[University of Vienna: The Peace Pagoda in Vienna](https://rw-ktf.univie.ac.at/forschung/drittmittelforschung/the-peace-pagoda-in-vienna/), [Wikipedia: Peace Pagoda](https://en.wikipedia.org/wiki/Peace_Pagoda)",C: 부분 확보,"초기 조사에 유대교 회당이 잘못 포함되어, 불교 평화탑으로 수정했다. 종 타종 시각은 공개 검증 자료가 없어 N/A다."
52,폴란드,Poland,중부유럽,Buddhist Center Karma Kagyu (크라쿠프 불교 명상센터),"크라쿠프(Kraków), 폴란드",50.0647,19.945,,06:00 / 18:00,Europe/Warsaw,15:00 / 03:00,"카르마 까규(Karma Kagyu) 계열의 티베트 불교로, 명상·스승 전승·자비와 지혜의 실천을 중시한다.",Buddhist Center Karma Kagyu,[Wikimedia Commons: Poland Buddhist temple image](https://i.redd.it/yrg0lmt58a671.jpg),"[Karnet Kraków](https://karnet.krakowculture.pl/en/788-krakow-buddyjski-osrodek-medytacyjny-w-krakowie), [Buddhist Center Karma Kagyu image](https://i.redd.it/yrg0lmt58a671.jpg), [Tulku Lobsang in Poland](https://tulkulobsang.org/en/tourplan/40-poland/g-573-awaken-the-power-tummo-practice-retreat)",C: 부분 확보,"크라쿠프 문화포털 페이지는 센터명을 확인할 수 있으나 주소·운영시간·종 타종 정보는 제공하지 않았다. 폴란드의 공개 자료에서 '일반 대중이 확인 가능한 사찰 종 타종 시각'을 찾지 못해 시간은 N/A로 두었다. 좌표는 크라쿠프 시내 중심부의 대표 배치값으로 넣지 말고, 실제 지도 편집 시 공식 주소 확인 후 교체하는 것을 권장한다."
